Nama,Category,Place,Price,Rating,Comment,Rating,Link_gmaps,Images,
Taman Ayun Temple,Heritage and Culture,Badung,30000,4.6,6211,4.6,https://goo.gl/maps/D1NgMwXcempJAbw37,https://a.cdn-hotels.com/gdcs/production60/d1777/4239b2a4-1f8b-4cb3-b492-2b13a7036a80.jpg,
Beji Sangsit Temple (Cultural Heritage and Public Temple),Heritage and Culture,Buleleng,0,4.6,450,4.6,https://goo.gl/maps/XqCncVBFUcJwvRJNA,https://lovebali.baliprov.go.id/storage/touriest_destinations/img-1634397534616aed5e63686.png,
Tirta Empul Temple,Heritage and Culture,Gianyar,15000,4.6,14576,4.6,https://goo.gl/maps/3SBs2mxQv36oXwx4A,https://a.cdn-hotels.com/gdcs/production17/d497/53f32ae3-08c2-48b2-a32c-6d8a1761f597.jpg?impolicy=fcrop&w=800&h=533&q=medium,
Agung Besakih Temple,Heritage and Culture,Karangasem,5000,4.6,8970,4.6,https://goo.gl/maps/27rLjync8oCUJuGu5,https://wisato.id/wp-content/uploads/2022/03/Pura-Agung-Besakih-2-6.jpg,
Goa Lawah Temple,Heritage and Culture,Klungkung,15000,4.6,4016,4.6,https://goo.gl/maps/aPdW4xeRZQ6nMkA7A,https://a.cdn-hotels.com/gdcs/production96/d1027/4d2104a3-294a-42e7-ab67-14d8fb360d9e.jpg,
Puseh Desa Batuan Temple,Heritage and Culture,Gianyar,10000,4.4,2324,4.4,https://goo.gl/maps/QiiDDTozyxoLHJ6D9,https://a.cdn-hotels.com/gdcs/production48/d1682/e9836f9d-a49f-4093-b8ae-0dbd475086cd.jpg?impolicy=fcrop&w=800&h=533&q=medium,
Uluwatu Fire and Kecak Dance,Heritage and Culture,Badung,150000,4.6,2371,4.6,https://g.page/tari-kecak-uluwatu?share,https://www.raftingbali.net/wp-content/uploads/2020/01/Kecak-Dance-Bali-Feature-Image.jpg,
Luhur Uluwatu Temple,Heritage and Culture,Badung,30000,4.6,27257,4.6,https://g.page/Uluwatu?share,https://a.cdn-hotels.com/gdcs/production142/d1653/b667788d-ebdf-4b27-8bab-22bc59175055.jpg,
Saraswati Temple,Heritage and Culture,Gianyar,80000,4.4,2957,4.4,https://goo.gl/maps/YMh8PsNGHV547wE76,https://dynamic-media-cdn.tripadvisor.com/media/photo-o/1b/54/f4/01/saraswati-temple-in-ubud.jpg?w=1200&h=-1&s=1,
Taman Sari Semarapura Temple,Heritage and Culture,Klungkung,0,4.9,12,4.9,https://goo.gl/maps/ycoHyZJYdGbmywGZ7,https://4.bp.blogspot.com/-BWiCc6a88KE/W9AhG2Fm7LI/AAAAAAAAY5Q/NO4q6aMxsSUfvzBzRnEU0mtK4NbSMjyTQCLcBGAs/s1600/sari_1c.jpg,
Maduwe Karang Temple,Heritage and Culture,Buleleng,0,4.6,182,4.6,https://goo.gl/maps/BNmt2eehQctNxSdb6,https://www.balitravelhub.com/wp-content/uploads/2017/08/Meduwe-Karang-Hindu-Temple-03.jpg,
Tirta Gangga,Heritage and Culture,Karangasem,25000,4.6,11265,4.6,https://g.page/Taman-Tirtagangga?share,https://natantransport.com/wp-content/uploads/2019/04/Tirta-Gangga.jpg,
Sada Puru Temple (Kahyangan Jagat),Heritage and Culture,Badung,15000,4.7,136,4.7,https://goo.gl/maps/YeSBy8xvdwJRCbt29,https://i0.wp.com/www.mantrahindu.com/wp-content/uploads/2016/04/pura-besakih.jpg?fit=4320%2C2880&ssl=1,
Sasih Penataran Temple,Heritage and Culture,Gianyar,10000,4.7,324,4.7,https://goo.gl/maps/2z4d326X2iJyJdnGA,https://img-asset-01.visitbali.id/skg0Xqe0H6XKktFwyoFBiG0XttH5laGjzHASQ73wsWE/fill/650/450/no/0/aHR0cHM6Ly92aXNpdGJhbGkuaWQvaW1hZ2VzL2RhdGEvMjAxOS9KdW4vMjcvNWQxNGFhMzZhOWZjMDQxZjEuanBn.jpg,
Kertha Gosa Park,Heritage and Culture,Klungkung,15000,4.5,2985,4.5,https://goo.gl/maps/PGin3FJvD1q24fCE7,https://dynamic-media-cdn.tripadvisor.com/media/photo-o/0a/c3/3b/7d/templo.jpg?w=1200&h=1200&s=1,
Dalem Balingkang Temple,Heritage and Culture,Bangli,0,4.8,297,4.8,https://goo.gl/maps/Wjzx3BMobjrhg9iX8,http://www.balitoursclub.net/wp-content/uploads/2017/05/Gedong-linggih-Ratu-Mas-Subandar-Kang-Cing-We.jpg,
Ulundanu Beratan Temple,Heritage and Culture,Tabanan,20000,4.7,25962,4.7,https://goo.gl/maps/4b7RAHD1vGo4kqb6A,https://a.cdn-hotels.com/gdcs/production62/d679/115f67b3-1da1-4c57-93c5-9e8f7635e571.jpg?impolicy=fcrop&w=800&h=533&q=medium,
Tanah Lot Beach,Heritage and Culture,Tabanan,15000,4.6,71776,4.6,https://goo.gl/maps/ef9Ze95kDpJZBLcs8,https://i2.wp.com/www.agoda.com/wp-content/uploads/2020/01/Sunrise-Tanah-Lot-Temple.jpg?ssl=1,
Luhur Tambawaras Temple,Heritage and Culture,Tabanan,15000,4.6,378,4.6,https://goo.gl/maps/SiC3AETPL8omFErHA,http://www.balitoursclub.net/wp-content/uploads/2017/09/Pura-Luhur-Tambawaras-Tabanan.jpg,
Ponjok Batu Temple,Heritage and Culture,Buleleng,0,4.7,455,4.7,https://goo.gl/maps/PANcF23gnhWTfSof8,https://www.kintamani.id/wp-content/uploads/Pura-Ponjok-Batu-Buleleng-3-1024x680.jpg,
Penataran Agung Lempuyang Temple,Heritage and Culture,Karangasem,50000,4.4,5745,4.4,https://goo.gl/maps/yE4ANys7vWPCpkjNA,https://www.balitoursclub.net/wp-content/uploads/2017/10/Paket-Lempuyang-tour-Karangasem.jpg,
Kehen Temple,Heritage and Culture,Bangli,10000,4.6,568,4.6,https://goo.gl/maps/2s12FCVNMBEy9AGp7,https://www.kintamani.indonesia-tourism.com/images/kehen_temple.jpg,
Kebo Edan Temple,Heritage and Culture,Gianyar,0,4.7,137,4.7,https://goo.gl/maps/gkod1HpTihPEfPS18,https://img-asset-01.visitbali.id/TAhpycv-oT5sKWjWWxpSZIjut3pAaVWElzzPva13iRA/fill/650/450/no/0/aHR0cHM6Ly92aXNpdGJhbGkuaWQvaW1hZ2VzL2RhdGEvMjAxOS9TZXAvMTcvNWQ4MGE4MTU2NjY1ZmYxYjYuanBn.jpg,
Mengening Temple,Heritage and Culture,Gianyar,0,4.7,598,4.7,https://goo.gl/maps/DTPjQTYc7dw2qk158,https://media-cdn.tripadvisor.com/media/photo-s/14/f7/f9/c6/pura-mengening.jpg,
Pegulingan Temple,Heritage and Culture,Gianyar,0,4.6,60,4.6,https://goo.gl/maps/jms6eoUNkioE3MR36,https://ubud.id/wp-content/uploads/2020/07/Screen-Shot-2020-07-24-at-19.20.59.png,
Luhur Besikalung Temple,Heritage and Culture,Tabanan,0,4.7,146,4.7,https://goo.gl/maps/Dc1wHgqQCBtKZdyL6,https://www.kintamani.id/wp-content/uploads/ura-Luhur-Besi-Kalung-1.jpg,
Tebing Gunung Kawi Temple,Heritage and Culture,Gianyar,30000,4.7,49,4.7,https://goo.gl/maps/6V36x28MQWxpjUn7A,https://2.bp.blogspot.com/-A4kNWsldgTE/W4-e6fgZlzI/AAAAAAAAPW8/uj-N0LTkVvMf-xe5UmQiYjpmcaM3ZiQggCLcBGAs/s1600/0_IMG-20180712-WA0028.jpg,
Elephant Cava,Heritage and Culture,Gianyar,30000,4.2,6379,4.2,https://g.page/goa-gajah?share,https://balicheapesttours.com/dummy/goa-gajah1.jpg,
Dasar Buana Gelgel Temple,Heritage and Culture,Klungkung,0,4.7,610,4.7,https://goo.gl/maps/1kP1TaNVS5ysS5W58,https://panbelog.files.wordpress.com/2014/11/pura-dasar-bhuwana.jpg?w=640,
Subak Pulagan,Heritage and Culture,Gianyar,0,4.5,151,4.5,https://goo.gl/maps/zNf6ZDEpCe498urr7,https://img.okezone.com/content/2017/08/13/406/1755229/subak-pulagan-warisan-era-keemasan-prabu-udayana-yang-keramat-pK9IY1q3vj.jpg,
Puri Agung Jro Kuta,Heritage and Culture,Denpasar,0,4.6,329,4.6,https://goo.gl/maps/UWs3nx35MPbvn3eS6,http://3.bp.blogspot.com/-dTf2H3wcJXc/VTcPT9GTF9I/AAAAAAAAAAk/o6md9rXwIMM/s1600/1.jpg,
Penglipuran Village,Heritage and Culture,Bangli,25000,4.8,9693,4.8,https://goo.gl/maps/N4V3iVpFmGHWJDWN6,https://www.indonesia.travel/content/dam/indtravelrevamp/en/trip-ideas/experience-a-traditional-living-atmosphere-at-penglipuran-village-bali/image-1.jpg,
Kahyangan Jagat,Heritage and Culture,Tabanan,0,4.7,137,4.7,https://goo.gl/maps/46o12BCvTDjZruf16,https://i0.wp.com/www.mantrahindu.com/wp-content/uploads/2016/04/pura-besakih.jpg?fit=4320%2C2880&ssl=1,
Yadnya Museum,Heritage and Culture,Badung,0,4.7,14,4.7,https://goo.gl/maps/ae3czmWcYeVEkeuM9,https://indonesiakaya.com/wp-content/uploads/2020/10/7__IMG_7743_Sejumlah_koleksi_ogoh-ogoh_yang_merupakan_bagian_dari_perangkat_dari_ritual_bhuta_yadnya_2.jpg,
Tegallingah Cliff Temple,Heritage and Culture,Gianyar,0,4.6,14,4.6,https://goo.gl/maps/sLC6e3hTNQJGXYkz6,https://balitripholidays.files.wordpress.com/2016/02/6.jpg,
Bajra Sandhi Monument,Heritage and Culture,Denpasar,0,4.6,12047,4.6,https://goo.gl/maps/RK5iLNcBxvkMcVeZ9,https://asset.kompas.com/crops/0kZ_Ah3oLQiKbkJ5qKbxLQfgIXA=/0x51:1000x717/750x500/data/photo/2020/02/26/5e563a3db63aa.jpg,
Kereban Langit,Heritage and Culture,Badung,0,4.7,200,4.7,https://goo.gl/maps/BsyR4Arbc8RxUyDy6,http://www.balitoursclub.net/wp-content/uploads/2017/09/Pura-Kereban-Langit-di-dalam-goa.jpg,
Bali Countryside Sidemen,Country sides area ,Karangasem,0,4.3,158,4.3,https://g.page/BaliCountrysideSidemen?share,https://lh5.googleusercontent.com/p/AF1QipP4RFGWCV1yqx_s6rquQfrch9QFS6khSJDvy2fE=w408-h270-k-no,
Bali Swing,Country sides area,Badung,0,4.5,6500,4.5,https://g.page/Realbaliswing?share,https://lh5.googleusercontent.com/p/AF1QipPjRRtl0ZVQhZjHYS7S16wbwCrTb_yh1CH95Ls4=w523-h240-k-no,
Jatiluwih Rice Terrace,Country sides area ,Tabanan,0,4.7,7100,4.7,https://g.page/jatiluwih-rice-terraces?share,https://lh5.googleusercontent.com/p/AF1QipNky84y3LNsdNRW5mzyIEDRWC8m0P7-thShDM-6=w408-h306-k-no,
Tegallalang Rice Terrace,Country sides area,Gianyar,0,4.4,32000,4.4,https://g.page/tegallalang-rice-terrace?share,https://lh5.googleusercontent.com/p/AF1QipO3FWtD3zMyKA5JZC2xvxO2K1Z3VoiS3f2rZMMn=w408-h306-k-no,
Aloha Ubud Swing,Country sides area ,Gianyar,0,4.6,2100,4.6,https://goo.gl/maps/GWjXsjApQcvAiT169,https://lh5.googleusercontent.com/p/AF1QipPORunjOjyyMGKDRUhq0ZmBxLprT2DemQr8_9eW=w426-h240-k-no,
West Bali National Park,Country sides area ,Buleleng,0,4.5,2900,4.5,https://goo.gl/maps/rsbLwiZ7qDV2uKme9,https://lh5.googleusercontent.com/p/AF1QipMU8DAs_fqXS06Zg2uZsbNx275cs6spY2nRovH5=w408-h255-k-no,
Kajeng Rice Field,Country sides area ,Gianyar,0,4.5,215,4.5,https://goo.gl/maps/eYkvkr4cqfhCgxjWA,https://lh5.googleusercontent.com/p/AF1QipOOiF_iPjpf73OwrQ5XnGZBSBgbWfUPli7zZVFM=w408-h544-k-no,
Campuhan Ridge Walk,Country sides area ,Gianyar,0,4.5,8000,4.5,https://goo.gl/maps/bNXVXyFw7hdW4vt19,https://lh5.googleusercontent.com/p/AF1QipNLNy_bQPFuEqd3C7Nde1TGPs6XYD5aGUFgjCK6=w408-h408-k-no,
Waterblow,Country sides area ,Badung,0,4.4,8500,4.4,https://goo.gl/maps/3o7c6ZKZku1uC5Tz5,https://lh5.googleusercontent.com/p/AF1QipPWS2sGMF-HtWaFO6xjrFprRh_qKOd9x5hpIo31=w408-h302-k-no,
Desa Visesa Ubud,Country sides area ,Gianyar,0,4.6,1500,4.6,https://g.page/desavisesa?share,https://lh5.googleusercontent.com/p/AF1QipMgNE80MnM2LsJaAOakOIk9v060u4ojE2qCsE_z=w408-h272-k-no,
Pura Tirta Empul,Country sides area ,Gianyar,0,4.6,15000,4.6,https://goo.gl/maps/mJtqFuYtK4G98LZT6,https://lh5.googleusercontent.com/p/AF1QipNfbLUspfUz29-Xe37T8sb2sEurfedPYIKirGe-=w408-h306-k-no,
Komaneka at Bisma,Country sides area ,Gianyar,0,4.7,631,4.7,https://goo.gl/maps/djh6BPJC4ykugJGi6,https://lh5.googleusercontent.com/proxy/aTzvTXtEedUoyTpVQgB7D17_1AYZkg741S9-HBiyXkuHUSY5TdSjQnWq8QGzy8NY09tjLaGrmjKXkwmhKNHc-N2q69rEeKTZa4Z4z7qQR-oiun0u1m0POIYbv3lu3DXdfoz0U9oJ9s7ChbjQB7AxM4Vt6ZC_mA=w408-h271-k-no,
Secret Beach,Country sides area ,Badung,0,4.3,639,4.3,https://goo.gl/maps/fGmcr3BFZix92q4H7,https://lh5.googleusercontent.com/p/AF1QipO9WtKdSby3pKLwpf_juf9YCffvGQi91WvVC7hr=w81-h81-n-k-no,
The Ritz-Carlton Bali,Country sides area ,Badung,0,4.7,3000,4.7,https://g.page/ritzcarltonbali?share,https://lh6.googleusercontent.com/proxy/xHAGFKlpYn8cK3GNGav1TY9g-IyNeqGytuKyPUv1d1JN21oF80XnP99XdglRgSMlyMXZsSeoDkduU2HkHhzVxiGscC9h_LTrMmHMFLszKwfqGoXphyS-VUE3Uffdyrf90-59pUrovz4GwBcwgPboGAI0rTIdEQ=w408-h272-k-no,
Pantai Segara Ayu,Beach,Denpasar,3000,4.5,1714,4.5,https://goo.gl/maps/EKrMZwZaKdrQpygy8,https://lh5.googleusercontent.com/p/AF1QipPP-MV7qIEUvPqOoUqOgc2j8gI_MvxuHKSVUAAA=w408-h306-k-no,
Pantai Mertasari,Beach,Denpasar,2000,4.4,543,4.4,https://goo.gl/maps/6weUNTz264wL1vwHA,https://lh5.googleusercontent.com/p/AF1QipOWodl_I1o3c2S8BrtYBjScS6IBYOkcbfOufj9T=w408-h306-k-no,
Pantai Matahari Terbit,Beach,Denpasar,2000,4,11,4,https://goo.gl/maps/ZJLCmByKjAQ5uhb29,https://lh5.googleusercontent.com/p/AF1QipNbzKbujmzki2P7kA6KcKIhgYCHul3tWC8Ii3fy=w426-h240-k-no,
Pantai Biaung,Beach,Denpasar,2000,4.2,507,4.2,https://goo.gl/maps/JDyeY2Mcufs6veRR9,https://lh5.googleusercontent.com/p/AF1QipOywG2rRR9oyg6JsqafmKpcCZxtr5eAs-xu5faX=w408-h306-k-no,
 Pantai Padang Galak,Beach,Denpasar,5000,4.6,117,4.6,https://goo.gl/maps/gQQoN7ugUF7RG2dh9,https://lh5.googleusercontent.com/p/AF1QipMkb6oHRe1u3Xknj4XGHZt96XHkY__PXFJCqnDw=w425-h240-k-no,
Pantai Sanur,Beach,Denpasar,10000,4.5,1924,4.5,https://goo.gl/maps/LskttfqcvLgsK9TG7,https://www.bing.com/th?id=OIP.igVLTVJ4UDN7K_OQpir4sQHaFV&w=194&h=140&c=8&rs=1&qlt=90&o=6&pid=3.1&rm=2,
Pantai Sindhu,Beach,Denpasar,2000,4.6,716,4.6,https://goo.gl/maps/Abdxyxex9Q85RKoE7,https://lh5.googleusercontent.com/p/AF1QipNAmePP4rI9XTH86tC77wQe9i_Sz-OYZ3bHS1wg=w408-h306-k-no,
Pantai Karang,Beach,Denpasar,2000,4.6,4419,4.6,https://goo.gl/maps/doVoQJacfHu2oAvk8,https://lh5.googleusercontent.com/p/AF1QipM2zB4hClaQDdTfSehphOGKt50RBHyRFxNWfTLf=w408-h306-k-no,
Pantai Yeh Gangga,Beach,Tabanan,2000,4.4,1107,4.4,https://goo.gl/maps/rSnqiW4RYoWfQUQXA,https://lh5.googleusercontent.com/p/AF1QipNEDbMs2uJtztzJCqk1BoIVurgpcojeS5hiJxm5=w426-h240-k-no,
Pantai Batu Tampih,Beach,Tabanan,2000,4.5,105,4.5,https://goo.gl/maps/FutA5TXnG4LTF2pz5,https://lh5.googleusercontent.com/p/AF1QipMAN8w72eIFOQwuL3x6JmrOSL9XkyGmRTf6DBz9=w427-h240-k-no,
Pantai Soka,Beach,Tabanan,2000,4.2,1229,4.2,https://goo.gl/maps/Hims7WConruogm2BA,https://lh5.googleusercontent.com/p/AF1QipODZjIs11ZBN6BXxQ2-s2ZyNBONsdDN2z-Em0q5=w408-h244-k-no,
Pantai Pasut,Beach,Tabanan,2000,4.4,863,4.4,https://goo.gl/maps/peqDuKEnQCoqiqNU9,https://lh5.googleusercontent.com/p/AF1QipMP9yzgvvi63LLQgCKJ9jGVjLiPQ4Mc6DL1X6gM=w408-h306-k-no,
Pantai Kelating,Beach,Tabanan,2000,4.4,505,4.4,https://goo.gl/maps/TFFp5VDAwWZzgbN39,https://lh5.googleusercontent.com/p/AF1QipOQFDp0YJuUKhLCDvYluYOUwlvsHCfCa8eEUZdv=w408-h305-k-no,
Pantai Melasti,Beach,Badung,15000,4.8,7375,4.8,https://goo.gl/maps/3SDYZwma2fUUmmWXA,https://lh5.googleusercontent.com/p/AF1QipOoTSCx5oVKsP_R8YT3jYMNwiGGMhXTzfcV9L6q=w408-h306-k-no,
Pantai Balian,Beach,Tabanan,5000,4.5,651,4.5,https://goo.gl/maps/NvuC1gfDuzH8qqy7A,https://lh5.googleusercontent.com/p/AF1QipPI7soQv81Ffj5tL5jE5uTFdn-brV7SWKGvy60C=w514-h240-k-no,
Pantai Kedungu,Beach,Tabanan,2000,4.5,1637,4.5,https://goo.gl/maps/UHJgrQaqqVHY4dm26,https://lh5.googleusercontent.com/p/AF1QipN-ibDbRj48j0gG42Bak9iIe1Msbz_4BLM3JCwb=w408-h306-k-no,
Pantai Goa Lawah,Beach,Klungkung,2000,4.4,200,4.4,https://goo.gl/maps/UipkCdXR7PQg7FGS9,https://lh5.googleusercontent.com/p/AF1QipPXRF5sLyePoQCswX79cBeftsdZk1ENpegpbp1F=w408-h306-k-no,
Pantai Sidayu,Beach,Klungkung,5000,4.3,67,4.3,https://goo.gl/maps/Pd7pFMH2agTxDAzF9,https://lh5.googleusercontent.com/p/AF1QipPa9M9VUp6D9ITpZkfXpJxbUosmodk1-IiF999y=w408-h306-k-no,
Pantai Lepang,Beach,Klungkung,2000,4.4,159,4.4,https://goo.gl/maps/djgCqZJVd3CBzKUF6,https://lh5.googleusercontent.com/p/AF1QipNE-MUU2m2PV904LHpyXlq9J5rtO6nksl-XOIAa=w408-h306-k-no,
Pantai Tegal Besar,Beach,Klungkung,2000,4.5,66,4.5,https://goo.gl/maps/5YWY4pHbGwvs8i1t9,https://lh5.googleusercontent.com/p/AF1QipPM9urVrZXIkzpsrW5ZC6uxOJCLebU0p1KSlFg8=w408-h306-k-no,
Pantai Bias Putih,Beach,Karangasem,5000,4.5,8,4.5,https://goo.gl/maps/Z7NSt9cUtCDw3TnC6,https://lh5.googleusercontent.com/p/AF1QipOqeXFt7jUhGAexrlK_P3AXEG1nO44pZTDlAq0n=w408-h306-k-no,
Pantai Blue Lagoon,Beach,Karangasem,2000,4.2,3239,4.2,https://goo.gl/maps/AnRy7hGmLzVwgS1o6,https://lh5.googleusercontent.com/p/AF1QipMBPauAwDF1PRjegt7_509M9I4g8T4e8vdNCpfA=w408-h306-k-no,
Pantai Bias Tugel,Beach,Karangasem,5000,4.5,1398,4.5,https://goo.gl/maps/tRjdKB9eFLnavU2T9,https://lh5.googleusercontent.com/p/AF1QipMgqzLuI5SGEyP3GEsZXt2R6xDdgQPCYEnSzJHn=w408-h306-k-no,
Pantai Tulamben,Beach,Karangasem,2000,4.6,157,4.6,https://goo.gl/maps/HEkK19hx6EmetJns5,https://lh5.googleusercontent.com/p/AF1QipPIat753YqpoIRn4JF8tcMtn1QHsuetFWf22MM0=w408-h306-k-no,
Pantai Lovina,Beach,Buleleng,2000,4.4,701,4.4,https://goo.gl/maps/XbaGKDNRZp4UCsvf6,https://lh5.googleusercontent.com/p/AF1QipPH-Sl9R00Asfq7b0e4RkYg2VBWWlv6KCtvmfGo=w408-h306-k-no,
Pantai Pemuteran,Beach,Buleleng,2000,4.4,236,4.4,https://goo.gl/maps/orKz9WZ2j7CZmJX89,https://lh5.googleusercontent.com/p/AF1QipOYntQf0URVExvcWYuz5zvDMHwOa829A9pCmTk2=w408-h544-k-no,
Pantai Batu Ampar,Beach,Buleleng,5000,4,8,4,https://goo.gl/maps/vdSep3usSeJjiT2P6,https://lh5.googleusercontent.com/p/AF1QipPWY5hMXQQYi9pFWzer8yAaDdDdoSfLfTTF-3gO=w426-h240-k-no,
Pantai Penimbangan,Beach,Buleleng,2000,4.4,1709,4.4,https://goo.gl/maps/NQfTkDhSNLmbTUFd8,https://lh5.googleusercontent.com/p/AF1QipNYfJmHH96A2AyyyYVb4vk5YQC-efm8mGtLlTdL=w408-h306-k-no,
Pantai Perancak,Beach,Jembrana,2000,4.5,42,4.5,https://goo.gl/maps/AEYiqZK4gYkdxfrL7,https://lh5.googleusercontent.com/p/AF1QipMtOZt5BBghgpy2SfGHq5dv8ZZ--PuJj-xGex7-=w426-h240-k-no,
Pantai Yeh Leh,Beach,Tabanan,1000,4.7,44565,4.7,https://goo.gl/maps/gRSzABtg1ZTCJ7mn6,https://lh5.googleusercontent.com/p/AF1QipNVvuBwLI7sBEm72s97lZv7_S2GPfVwPQ1y01GB=w408-h906-k-no,
Pantai Madewi,Beach,Jembrana,2000,4.5,620,4.5,https://goo.gl/maps/MXETX8rzX2KVxiCM8,https://lh5.googleusercontent.com/p/AF1QipN25RM6fzu08YpkQkypnEE4pKJQ31XSDAsg6pPO=w408-h408-k-no,
Pantai Baluk Rening,Beach,Jembrana,5000,4.2,410,4.2,https://goo.gl/maps/GFmrnBAhtZsCgqsK7,https://lh5.googleusercontent.com/p/AF1QipOV73J3ifF8o995xhf02jcKhFB2uKc7NeKysqw=w408-h272-k-no,
Pantai Masceti,Beach,Gianyar,2000,4.4,980,4.4,https://goo.gl/maps/cYsHkffyTek9AbmW9,https://lh5.googleusercontent.com/p/AF1QipOncD8ViPb17UOsXBSv-3YRKx39mgZlBkrsmn9N=w426-h240-k-no,
Pantai Keramas,Beach,Gianyar,2000,4.5,525,4.5,https://goo.gl/maps/LzLEA79For1yPxaX8,https://lh5.googleusercontent.com/p/AF1QipO-xnaAPkvKdGFxcPpiOR1rB9WIBsYEeT2oEK38=w408-h305-k-no,
Pantai Siyut,Beach,Gianyar,2000,4.3,335,4.3,https://goo.gl/maps/QFDS3WyLZK7uTGNQA,https://lh5.googleusercontent.com/p/AF1QipM4NB3Q8lA2NcN--fikBV20ozx9EelzVf54x9rf=w426-h240-k-no,
Pantai Cucukan,Beach,Gianyar,2000,4.2,202,4.2,https://goo.gl/maps/gQEvTTS5opePQ1HH6,https://lh5.googleusercontent.com/p/AF1QipOA3M3Q_IP2WFxX96YR2arj46uDqgTk6WLXeZLO=w408-h544-k-no,
Pantai Tanjung Benoa,Beach,Badung,2000,4.5,149,4.5,https://goo.gl/maps/JH3EtPrZJLqSfvZd7,https://lh5.googleusercontent.com/p/AF1QipMCFY2s5MIwgrmvx26DddeQBxgG1_wYxKgF2Eet=w408-h306-k-no,
Pantai Nusa Dua,Beach,Badung,2000,4.6,413,4.6,https://goo.gl/maps/Sh595VQXQJdpnR2J7,https://lh5.googleusercontent.com/p/AF1QipPuzbIhTcl0wHWrVYqGMYsKS63IC1Ic_5HNYBdq=w408-h544-k-no,
Pantai Dreamland,Beach,Badung,5000,4.5,5557,4.5,https://goo.gl/maps/JF6PtHFYm48741bc6,https://lh5.googleusercontent.com/p/AF1QipMPAFhaNwiicq1Qfn7b01NqxUoJ6w3hA4vG8bsY=w408-h306-k-no,
Pantai Grean Bowl,Beach,Badung,5000,4.6,2132,4.6,https://goo.gl/maps/M6SDwG7isZjXABkXA,https://lh5.googleusercontent.com/p/AF1QipNbiGgVTZyeb-fIXOML7s6mtOE-pXX2Kz5crPq6=w408-h305-k-no,
Pantai Pandawa,Beach,Badung,10000,4.6,7023,4.6,https://goo.gl/maps/JLzBAA9nKaF377d58,https://lh5.googleusercontent.com/p/AF1QipOtJqMvVfPAN39QpdJhUDukfEZQSm6ykgDdZL3U=w408-h544-k-no,
Pantai Suluban,Beach,Badung,5000,4.7,830,4.7,https://goo.gl/maps/fmuJzeZWHyMPHVRo9,https://lh5.googleusercontent.com/p/AF1QipN4qrzujnuKVnwhZ6EmhAjlGQUGKtYiP3yEMS0t=w408-h496-k-no,
Pantai Kuta,Beach,Badung,5000,4.7,36749,4.7,https://goo.gl/maps/GHHMcGQsEyKxPtSS7,https://lh5.googleusercontent.com/p/AF1QipMy0QGYXgcBlH8rwMCMef63_kqwuj36nlxTqh57=w426-h240-k-no,
Pantai Tegal Wangi,Beach,Badung,5000,4.3,281,4.3,https://goo.gl/maps/wbibz9fDpUiEKxQn6,https://lh5.googleusercontent.com/p/AF1QipPSEAG0_1T1AjvbDeX8uqcw5iIl-wZp8uHs4yhH=w408-h510-k-no,
Pantai Jimbaran,Beach,Badung,5000,4.6,1852,4.6,https://goo.gl/maps/ER5gwnHtS9WYPXdQ8,https://lh5.googleusercontent.com/p/AF1QipPlnm6b2T5OuKRvmHlEBF42oMuBKWikSy2z5hbE=w480-h240-k-no,
Seminyak,Town and Cities,Badung,0,5,0,5,https://goo.gl/maps/J4eE5xG5TeZ2Xy1FA,https://pix10.agoda.net/hotelImages/4874134/0/9ebd4cab0c4043d36def5589c2b70609.jpg?ca=23&ce=0&s=1024x768,
Bajra Sandhi,Town and Cities,Denpasar,0,4.6,12047,4.6,https://goo.gl/maps/r2r5UVmqtuE37y228,http://asset-a.grid.id/crop/0x0:0x0/780x800/photo/bobofoto/original/1239_monumen-bajra-sandhi.jpg,
Taman Lumintang,Town and Cities,Denpasar,0,4.5,8896,4.5,https://goo.gl/maps/fEDJ81yHLwLR7E5W8,https://www.denpasarkota.go.id/uploads/datang/datang_201403020323_KeindahanAirMancurMenariyangMempesona,diTamanKotaLumintangDenpasar.jpg
Werdhi Budaya Art Centre,Town and Cities,Denpasar,0,4.6,7439,4.6,https://goo.gl/maps/VLuiAP6LDru3dBCE9,https://www.rentalmobilbali.net/wp-content/uploads/2014/09/Art-Centre-Bali.jpg,
Legian Kuta,Town and Cities,Badung,0,5,0,5,https://goo.gl/maps/QVGK7LwwAdAzLnnV7,https://jejakpiknik.com/wp-content/uploads/2017/12/hh-2.jpg,
Taman Kota Singaraja,Town and Cities,Singaraja,0,4.5,4494,4.5,https://goo.gl/maps/VmzprcA1wi9Lv7Pt9,https://disperkimta.bulelengkab.go.id/public/uploads/konten/air-mancur-taman-kota-singaraja-97.jpg,
Taman Kota Klungkung,Town and Cities,Klungkung,0,4.4,137,4.4,https://goo.gl/maps/11g4xsEZv1iBaMwa8,https://klungkungkab.go.id/asset/foto_statis/Monumen_Puputan_Klungkung.jpg,
Taman Kota Ciung Wanara Gianyar,Town and Cities,Gianyar,0,4.5,1430,4.5,https://goo.gl/maps/KLtNAxDsHdDAeHvh6,https://2.bp.blogspot.com/-vLh2xJaFZyE/Vy4PtTvTfiI/AAAAAAAANQM/R04G6Ciuy4MAPlWZzseDPqgaLhPL20rhwCLcB/w1200-h630-p-k-no-nu/Taman%2BCiung%2BWanara.jpg,
Niti Mandala Renon Field ,Town and Cities,Denpasar,0,4.6,5698,4.6,https://goo.gl/maps/RvW2weyPxWAgYc1s6,https://getlost.id/wp-content/uploads/2021/07/bajra-sandhi_757549327.jpg,
YOUTH PARK,Town and Cities,Denpasar,0,4.4,122,4.4,https://goo.gl/maps/ZxPdduKnbHYF1HMp6,https://balipustakanews.com/wp-content/uploads/2021/03/taman-kota-denpasar-taman-pemuda.jpg,
Kumbasari Park,Town and Cities,Denpasar,0,4.4,76,4.4,https://goo.gl/maps/u7q26GVWk822pSDf8,https://img-asset-01.visitbali.id/lDPN-EUuk6Qdzf6dFIbbmPyvFAdsyDBv_kdAFTfi7LY/fill/1200/630/no/0/aHR0cHM6Ly92aXNpdGJhbGkuaWQvaW1hZ2VzL2RhdGEvMjAyMC9TZXAvMjkvNWY3MmU2YjM5M2E5Zjc2NmUuanBn.jpg,
Taman Festival Bali Padang Galak,Town and Cities,Denpasar,0,4.3,1235,4.3,https://goo.gl/maps/6Ya8yr9NZShkHXUj8,https://cdn-image.hipwee.com/wp-content/uploads/2016/06/hipwee-wallpaper-www.nusantarago.com_.jpg,
Taman Pecangakan Negara,Town and Cities,Jembrana,0,4.4,950,4.4,https://goo.gl/maps/2i9KuvWLXMfGHnbQ7,https://www.kintamani.id/wp-content/uploads/Taman-Pecangakan-Jembrana-2.jpg,
Bali Exotic Marine Park,Nature,Tabanan,500000,4.7,267,4.7,https://g.page/balimarinepark?share,https://lh5.googleusercontent.com/p/AF1QipMpbms8y-Hx6k85FLl9-Xf6ds3Dn7BxxdeLltJ8=w360-h240-k-no,
Bali Zoo,Nature,Gianyar,25000,4.4,1316,4.4,https://g.page/balizoo?share,https://lh5.googleusercontent.com/p/AF1QipPM0Sta1NfZaCHOz0PKEXXBZ2_ap5gnP4LzLOnh=w122-h92-k-no,
Bali Bird Park,Nature,Gianyar,100000,4.6,9112,4.6,https://g.page/balibirdparkofficial?share,https://lh5.googleusercontent.com/p/AF1QipNyW1-y75spQLV2hc_BBIE65x96lIT0y9Xy5RxS=w122-h92-k-no,
Bali Safari & Marine Park,Nature,Gianyar,155000,4.4,155120,4.4,https://goo.gl/maps/MB676RFfC4WKnBrp6,https://lh5.googleusercontent.com/p/AF1QipMKDijiTwFXPk-Ep7wjY6C28QXxM1bS-p5F8zrB=w122-h92-k-no,
Turtel Park,Nature,Badung,200000,4,216,4,https://goo.gl/maps/U8KBDYjJjosgSKxa6,https://lh5.googleusercontent.com/p/AF1QipOO43kPiYSPW2wgRNU87XLp40B6V1DUVz4_2LwA=w189-h92-k-no,
Bali Butterfly Park,Nature,Tabanan,150000,4.3,1009,4.3,https://g.page/balibutterflypark?share,https://lh5.googleusercontent.com/p/AF1QipPMELR-5Dnmkmnha19zA6GPPAcq8nRZ3qdfx0eq=w80-h100-k-no,
Hidden Mini Zoo Bali,Nature,Gianyar,100000,4.6,152,4.6,https://g.page/hiddenminizoo?share,https://lh5.googleusercontent.com/p/AF1QipPT7Rdq7udiww_6rb2jdgSw6js3xPdZmeEsITjP=w80-h106-k-no,
Bali Reptile Park,Nature,Gianyar,200000,4.5,169,4.5,https://g.page/Balireptilepark?share,https://lh5.googleusercontent.com/p/AF1QipM_vxXkBf1g5cqSbmhTpHOWsBrAzx7-wZbyujIf=w138-h92-k-no,
Mandala Suci Wenara Wana,Nature,Gianyar,120000,4.5,34178,4.5,https://g.page/monkeyforestubud?share,https://lh5.googleusercontent.com/p/AF1QipO7d5akILNrynBXWvYEhPI3oMZEOkR2u5jGUkSR=w122-h92-k-no,
TASTAZOO | Taman Satwa Tabanan,Nature,Tabanan,125000,4.5,224,4.5,https://g.page/tastazoo?share,https://lh5.googleusercontent.com/p/AF1QipMOdTWtf_OwZrz7X8J2aYUcW3d-V2JSL82cdzvS=w80-h106-k-no,
Objek Wisata Sangeh,Nature,Badung,100000,4.6,104,4.6,https://g.page/sangeh?share,https://lh5.googleusercontent.com/p/AF1QipO99W7yjBYtgwSlT2msL4a7qG6ZS66XQPwHTO0=w136-h92-k-no,
Balitopia Butterfly Park,Nature,Gianyar,200000,4.1,93,4.1,https://g.page/balitopia?share,https://lh5.googleusercontent.com/p/AF1QipMFGBKotMVcWCmg6nUVzr-_zXNpR8r3PKy_5f8j=w122-h92-k-no,
Tiket Pulau Penyu,Nature,Badung,200000,4.5,63,4.5,https://goo.gl/maps/3Wb3PdjxzuYu8arh7,https://lh5.googleusercontent.com/p/AF1QipO77CgWVGYUdTQbTqwG-P3vaP4S89P4kIFE9kA5=w194-h92-k-no,
DELUANG SARI Penangkaran Penyu Bali Tanjung Benoa,Nature,Badung,150000,4.1,4340,4.1,https://goo.gl/maps/N2HYEWthqJPaQW2c9,https://www.google.com/url?sa=i&url=https%3A%2F%2Fwww.watersportbali.co.id%2Fdeluang-sari-turtle-farm-tempat-penangkaran-penyu-di-bali%2F&psig=AOvVaw3d-w2gWRVyZ1OEXhS16mQv&ust=1654227195217000&source=images&cd=vfe&ved=0CAwQjRxqFwoTCPi40NTqjfgCFQAAAAAdAAAAABAD,
Tegenungan Waterfall,Nature,Gianyar,120000,4.3,21539,4.3,https://g.page/tegenungan-waterfall?share,https://lh5.googleusercontent.com/p/AF1QipNDJJmoIQeDZRFiIoLHEoDoI_unXbuem4gia0yW=w163-h92-k-no,
Kurma Asih Sea Turtle Conservation Center,Nature,Jembrana,120000,4.7,228,4.7,https://goo.gl/maps/sL4VvZKtcipfVRgTA,https://lh5.googleusercontent.com/p/AF1QipOCPbfYty1oyfRCGe9EK6Dg5YluhEVnTG_7UpDK=w195-h143-p-k-no,
Bali Bird Walks,Nature,Gianyar,150000,4.5,228,4.5,https://goo.gl/maps/K3vJGJnYNVavpAHW7,https://lh5.googleusercontent.com/p/AF1QipMf8qr4CbWklA3yFRvJBPm4PQGniVxS1M35PAyZ=w80-h142-k-no,
Balai Pengelolaan Hutan Mangrove Wilayah I,Nature,Badung,100000,4.2,441,4.2,https://goo.gl/maps/onR1dEDfHgtEtDwd7,https://lh5.googleusercontent.com/p/AF1QipNpMebb5a5bPmRS4YDKT_qz5UTfjUKuBvHOOx1S=w138-h92-k-no,
Hidden Canyon Beji Guwang,Nature,Gianyar,200000,4.5,2202,4.5,https://goo.gl/maps/EHezcB9hQeTshSNd8,https://lh5.googleusercontent.com/p/AF1QipNn3pykR2xKUbCMTKQ9TvQ89aiNR4Rq0a8spuIf=w122-h92-k-no,
Kokokan Heron Bird Colony Watch,Nature,Gianyar,200000,4.4,93,4.4,https://goo.gl/maps/RgRZsNcTcKURy6u37,https://lh5.googleusercontent.com/p/AF1QipM9QB7oND09FTNG4wnH7xJo5nyQvBydT7kJxdch=w80-h106-k-no,
Tambak Sari Turtle island,Nature,Badung,150000,4,18,4,https://www.google.com/maps/place/Tambak+Sari+Turtle+island/data=!4m6!3m5!1s0x2dd243ace7b1fea3:0xd05c890107a6cf6c!8m2!3d-8.7634212!4d115.2159586!16s%2Fg%2F11gt_zqgdt?authuser=0&hl=id&rclk=1,https://lh5.googleusercontent.com/p/AF1QipN20tJGhKK9m8jqX4iKVdy05tvSZdkYWfGHNTtF=w122-h92-k-no,
Bali Shark Swimming,Nature,Tabanan,145000,4,8,4,https://www.google.com/maps/place/Bali+Shark+Swimming/data=!4m6!3m5!1s0x2dd24182f96037f7:0xac91c7efbbb8ed84!8m2!3d-8.7214329!4d115.2388328!16s%2Fg%2F11c5951cm1?authuser=0&hl=id&rclk=1,https://lh5.googleusercontent.com/p/AF1QipPiYHoThuVXyBD2ey-2w-7zwCbmfMqAZi0ZdHyf=w163-h92-k-no,
Air Terjun Jagasatru,Nature,Karangasem,20000,4.7,210,4.7,https://www.google.com/maps/place/Air+Terjun+Jagasatru/data=!4m6!3m5!1s0x2dd2057ac05b6f73:0x782d1dc9b59984c2!8m2!3d-8.4593053!4d115.5102254!16s%2Fg%2F11g8kstlg_?authuser=0&hl=id&rclk=1,https://lh5.googleusercontent.com/p/AF1QipPbMDO3uj1DuOp3MXnhwauA70hgaViucFm9Va4v=w80-h106-k-no,
Tuwut,Nature,Tabanan,250000,4.8,48,4.8,https://www.google.com/maps/place/Tuwut/data=!4m6!3m5!1s0x2dd226e943143d9b:0x7fc7f1ef1efd0229!8m2!3d-8.387445!4d115.1617327!16s%2Fg%2F11c5bg8k0m?authuser=0&hl=id&rclk=1,https://lh5.googleusercontent.com/p/AF1QipNm1KuRF_qIdPJS4CIGhMR03hq7ZpIJEOI94Xfm=w122-h92-k-no,
Telaga Waja Waterfall,Nature,Karangasem,30000,4.5,297,4.5,https://www.google.com/maps/place/Telaga+Waja+Waterfall/data=!4m6!3m5!1s0x2dd21af1043331df:0x984045c0d887ca61!8m2!3d-8.4460484!4d115.4344223!16s%2Fg%2F11ckw28n1w?authuser=0&hl=id&rclk=1,https://lh5.googleusercontent.com/p/AF1QipNbgRg6-OyVBJTCTBms8pKyNEvxCaSEjHVINVpz=w122-h92-k-no,
Twin Lake Wanagiri spot,Nature,Buleleng,120000,4.3,87,4.3,https://www.google.com/maps/place/Twin+Lake+Wanagiri+spot/data=!4m6!3m5!1s0x2dd18f509223d5df:0x18d277b54d79b946!8m2!3d-8.2451045!4d115.1020934!16s%2Fg%2F11d_7zgfnw?authuser=0&hl=id&rclk=1,https://lh5.googleusercontent.com/p/AF1QipPIM957VnvlgofmzrdhjyiTyWAGpi7ZL4uzm574=w80-h106-k-no,
Wisata Tukad Ngongkong,Nature,Badung,100000,4.5,75,4.5,https://www.google.com/maps/place/Wisata+Tukad+Ngongkong/data=!4m6!3m5!1s0x2dd221ca0b8c0129:0x6752d7505ef5c16b!8m2!3d-8.367475!4d115.2264884!16s%2Fg%2F11gy0f4478?authuser=0&hl=id&rclk=1,https://lh5.googleusercontent.com/p/AF1QipPR7Jsmly963YrirM2VXMAj8zFD8STINbEaDsLA=w163-h92-k-no,
Rumah Pohon Tamega,Nature,Karangasem,125000,4.1,398,4.1,https://www.google.com/maps/place/Rumah+Pohon+Temega/data=!4m6!3m5!1s0x2dd2065fde9384cb:0x8682d90060b7169f!8m2!3d-8.4232338!4d115.5923885!16s%2Fg%2F11c5_syk1f?authuser=0&hl=id&rclk=1,https://lh5.googleusercontent.com/p/AF1QipNBVzJNP1tGB8z7XJ8ekhToNQngOKkeUaDtCiTj=w122-h92-k-no,
Bukit Tengah,Nature,Klungkung,150000,4.6,215,4.6,https://www.google.com/maps/place/Bukit+Tengah/data=!4m6!3m5!1s0x2dd211fcfd8052c9:0x20b1fa269c4e4298!8m2!3d-8.5385763!4d115.4767876!16s%2Fg%2F11f39y80my?authuser=0&hl=id&rclk=1,https://lh5.googleusercontent.com/p/AF1QipPvXygqLDAmYWdzikfP_-KHnbsQQlO2Ea8qgwRz=w80-h106-k-no,
Air Terjun Nungnung,Nature,Badung,20000,4.7,373,4.7,https://goo.gl/maps/DHBrS7nc2mDBFgFS9,https://www.gstatic.com/images/icons/material/system_gm/2x/menu_black_24dp.png,
Tegenungan Waterfall,Nature,Gianyar,20000,4.3,22000,4.3,https://g.page/tegenungan-waterfall?share,https://lh5.googleusercontent.com/p/AF1QipNDJJmoIQeDZRFiIoLHEoDoI_unXbuem4gia0yW=w163-h92-k-no,
Air Terjun Leke Leke,Nature,Tabanan,25000,4.5,850,4.5,https://goo.gl/maps/veszwwWfHgWdTr928,https://lh5.googleusercontent.com/p/AF1QipORzeS7q82KhsTUI-qG2O5HqKHRcqBJJAoy6Ewr=w80-h106-k-no,
Banyumala Waterfall,Nature,Buleleng,30000,4.8,2174,4.8,https://goo.gl/maps/B5UAgYRDmUy9WhEGA,https://lh5.googleusercontent.com/p/AF1QipPfat6I6If8pdJS8vNbHoTCmBrusgbYx1NQliMU=w138-h92-k-no,
Gitgit Waterfall,Nature,Buleleng,30000,4.3,1800,4.3,https://goo.gl/maps/76kVoxquc4td6sA76,https://lh6.googleusercontent.com/proxy/8IdHzlcBVnQmd38gCXjldBnkl1VRVp-qVz8XgEvq_PSR53B4WGromj8R_PnLAU2m2aFmC7MU-O8DADr2H9Wb_tP-9jkk0_1j9ggxykeXDQiXxJZNe0fy-IAJFRTqawHcc30ZnlKnvEbpnNiE4T0eq0GyFPOZsg=w138-h92-k-no,
Air Terjun Jembong Ambengan,Nature,Buleleng,30000,4.5,649,4.5,https://goo.gl/maps/R7F5DUTVTf8B8qje7https://goo.gl/maps/R7F5DUTVTf8B8qje7,https://lh5.googleusercontent.com/p/AF1QipPIqHS0SdPTq6yc_ydtb59heZmKtF3JStSeLbAv=w90-h92-k-no,
